idx,filename,filepath,category
0,3 (89).wav,AK-12/3 (89).wav,AK-12
1,3 (40).wav,AK-12/3 (40).wav,AK-12
2,3 (12).wav,AK-12/3 (12).wav,AK-12
3,3 (1).wav,AK-12/3 (1).wav,AK-12
4,3 (76).wav,AK-12/3 (76).wav,AK-12
5,3 (29).wav,AK-12/3 (29).wav,AK-12
6,3 (37).wav,AK-12/3 (37).wav,AK-12
7,3 (91).wav,AK-12/3 (91).wav,AK-12
8,3 (75).wav,AK-12/3 (75).wav,AK-12
9,3 (25).wav,AK-12/3 (25).wav,AK-12
10,3 (19).wav,AK-12/3 (19).wav,AK-12
11,3 (39).wav,AK-12/3 (39).wav,AK-12
12,3 (6).wav,AK-12/3 (6).wav,AK-12
13,3 (71).wav,AK-12/3 (71).wav,AK-12
14,3 (14).wav,AK-12/3 (14).wav,AK-12
15,3 (13).wav,AK-12/3 (13).wav,AK-12
16,3 (84).wav,AK-12/3 (84).wav,AK-12
17,3 (73).wav,AK-12/3 (73).wav,AK-12
18,3 (83).wav,AK-12/3 (83).wav,AK-12
19,3 (35).wav,AK-12/3 (35).wav,AK-12
20,3 (82).wav,AK-12/3 (82).wav,AK-12
21,3 (52).wav,AK-12/3 (52).wav,AK-12
22,3 (16).wav,AK-12/3 (16).wav,AK-12
23,3 (74).wav,AK-12/3 (74).wav,AK-12
24,3 (50).wav,AK-12/3 (50).wav,AK-12
25,3 (68).wav,AK-12/3 (68).wav,AK-12
26,3 (93).wav,AK-12/3 (93).wav,AK-12
27,3 (34).wav,AK-12/3 (34).wav,AK-12
28,3 (27).wav,AK-12/3 (27).wav,AK-12
29,3 (33).wav,AK-12/3 (33).wav,AK-12
30,3 (42).wav,AK-12/3 (42).wav,AK-12
31,3 (64).wav,AK-12/3 (64).wav,AK-12
32,3 (81).wav,AK-12/3 (81).wav,AK-12
33,3 (85).wav,AK-12/3 (85).wav,AK-12
34,3 (98).wav,AK-12/3 (98).wav,AK-12
35,3 (53).wav,AK-12/3 (53).wav,AK-12
36,3 (80).wav,AK-12/3 (80).wav,AK-12
37,3 (79).wav,AK-12/3 (79).wav,AK-12
38,3 (21).wav,AK-12/3 (21).wav,AK-12
39,3 (5).wav,AK-12/3 (5).wav,AK-12
40,3 (8).wav,AK-12/3 (8).wav,AK-12
41,3 (45).wav,AK-12/3 (45).wav,AK-12
42,3 (95).wav,AK-12/3 (95).wav,AK-12
43,3 (43).wav,AK-12/3 (43).wav,AK-12
44,3 (17).wav,AK-12/3 (17).wav,AK-12
45,3 (56).wav,AK-12/3 (56).wav,AK-12
46,3 (20).wav,AK-12/3 (20).wav,AK-12
47,3 (88).wav,AK-12/3 (88).wav,AK-12
48,3 (3).wav,AK-12/3 (3).wav,AK-12
49,3 (96).wav,AK-12/3 (96).wav,AK-12
50,3 (87).wav,AK-12/3 (87).wav,AK-12
51,3 (59).wav,AK-12/3 (59).wav,AK-12
52,3 (67).wav,AK-12/3 (67).wav,AK-12
53,3 (26).wav,AK-12/3 (26).wav,AK-12
54,3 (57).wav,AK-12/3 (57).wav,AK-12
55,3 (7).wav,AK-12/3 (7).wav,AK-12
56,3 (36).wav,AK-12/3 (36).wav,AK-12
57,3 (63).wav,AK-12/3 (63).wav,AK-12
58,3 (77).wav,AK-12/3 (77).wav,AK-12
59,3 (28).wav,AK-12/3 (28).wav,AK-12
60,3 (60).wav,AK-12/3 (60).wav,AK-12
61,3 (49).wav,AK-12/3 (49).wav,AK-12
62,3 (66).wav,AK-12/3 (66).wav,AK-12
63,3 (47).wav,AK-12/3 (47).wav,AK-12
64,3 (58).wav,AK-12/3 (58).wav,AK-12
65,3 (86).wav,AK-12/3 (86).wav,AK-12
66,3 (78).wav,AK-12/3 (78).wav,AK-12
67,3 (15).wav,AK-12/3 (15).wav,AK-12
68,3 (4).wav,AK-12/3 (4).wav,AK-12
69,3 (54).wav,AK-12/3 (54).wav,AK-12
70,3 (61).wav,AK-12/3 (61).wav,AK-12
71,3 (92).wav,AK-12/3 (92).wav,AK-12
72,3 (22).wav,AK-12/3 (22).wav,AK-12
73,3 (72).wav,AK-12/3 (72).wav,AK-12
74,3 (32).wav,AK-12/3 (32).wav,AK-12
75,3 (70).wav,AK-12/3 (70).wav,AK-12
76,3 (97).wav,AK-12/3 (97).wav,AK-12
77,3 (69).wav,AK-12/3 (69).wav,AK-12
78,3 (94).wav,AK-12/3 (94).wav,AK-12
79,3 (48).wav,AK-12/3 (48).wav,AK-12
80,3 (44).wav,AK-12/3 (44).wav,AK-12
81,3 (9).wav,AK-12/3 (9).wav,AK-12
82,3 (62).wav,AK-12/3 (62).wav,AK-12
83,3 (31).wav,AK-12/3 (31).wav,AK-12
84,3 (11).wav,AK-12/3 (11).wav,AK-12
85,3 (18).wav,AK-12/3 (18).wav,AK-12
86,3 (38).wav,AK-12/3 (38).wav,AK-12
87,3 (41).wav,AK-12/3 (41).wav,AK-12
88,3 (65).wav,AK-12/3 (65).wav,AK-12
89,3 (46).wav,AK-12/3 (46).wav,AK-12
90,3 (55).wav,AK-12/3 (55).wav,AK-12
91,3 (23).wav,AK-12/3 (23).wav,AK-12
92,3 (51).wav,AK-12/3 (51).wav,AK-12
93,3 (90).wav,AK-12/3 (90).wav,AK-12
94,3 (10).wav,AK-12/3 (10).wav,AK-12
95,3 (30).wav,AK-12/3 (30).wav,AK-12
96,3 (24).wav,AK-12/3 (24).wav,AK-12
97,3 (2).wav,AK-12/3 (2).wav,AK-12
98,1 (33).wav,AK-47/1 (33).wav,AK-47
99,1 (47).wav,AK-47/1 (47).wav,AK-47
100,1 (18).wav,AK-47/1 (18).wav,AK-47
101,1 (61).wav,AK-47/1 (61).wav,AK-47
102,1 (35).wav,AK-47/1 (35).wav,AK-47
103,1 (51).wav,AK-47/1 (51).wav,AK-47
104,1 (69).wav,AK-47/1 (69).wav,AK-47
105,1 (24).wav,AK-47/1 (24).wav,AK-47
106,1 (40).wav,AK-47/1 (40).wav,AK-47
107,1 (53).wav,AK-47/1 (53).wav,AK-47
108,1 (32).wav,AK-47/1 (32).wav,AK-47
109,1 (31).wav,AK-47/1 (31).wav,AK-47
110,1 (7).wav,AK-47/1 (7).wav,AK-47
111,1 (16).wav,AK-47/1 (16).wav,AK-47
112,1 (26).wav,AK-47/1 (26).wav,AK-47
113,1 (67).wav,AK-47/1 (67).wav,AK-47
114,1 (37).wav,AK-47/1 (37).wav,AK-47
115,1 (6).wav,AK-47/1 (6).wav,AK-47
116,1 (23).wav,AK-47/1 (23).wav,AK-47
117,1 (65).wav,AK-47/1 (65).wav,AK-47
118,1 (11).wav,AK-47/1 (11).wav,AK-47
119,1 (29).wav,AK-47/1 (29).wav,AK-47
120,1 (54).wav,AK-47/1 (54).wav,AK-47
121,1 (38).wav,AK-47/1 (38).wav,AK-47
122,1 (19).wav,AK-47/1 (19).wav,AK-47
123,1 (17).wav,AK-47/1 (17).wav,AK-47
124,1 (3).wav,AK-47/1 (3).wav,AK-47
125,1 (56).wav,AK-47/1 (56).wav,AK-47
126,1 (27).wav,AK-47/1 (27).wav,AK-47
127,1 (25).wav,AK-47/1 (25).wav,AK-47
128,1 (34).wav,AK-47/1 (34).wav,AK-47
129,1 (71).wav,AK-47/1 (71).wav,AK-47
130,1 (22).wav,AK-47/1 (22).wav,AK-47
131,1 (68).wav,AK-47/1 (68).wav,AK-47
132,1 (59).wav,AK-47/1 (59).wav,AK-47
133,1 (49).wav,AK-47/1 (49).wav,AK-47
134,1 (1).wav,AK-47/1 (1).wav,AK-47
135,1 (66).wav,AK-47/1 (66).wav,AK-47
136,1 (30).wav,AK-47/1 (30).wav,AK-47
137,1 (13).wav,AK-47/1 (13).wav,AK-47
138,1 (14).wav,AK-47/1 (14).wav,AK-47
139,1 (2).wav,AK-47/1 (2).wav,AK-47
140,1 (46).wav,AK-47/1 (46).wav,AK-47
141,1 (10).wav,AK-47/1 (10).wav,AK-47
142,1 (28).wav,AK-47/1 (28).wav,AK-47
143,1 (42).wav,AK-47/1 (42).wav,AK-47
144,1 (20).wav,AK-47/1 (20).wav,AK-47
145,1 (62).wav,AK-47/1 (62).wav,AK-47
146,1 (50).wav,AK-47/1 (50).wav,AK-47
147,1 (4).wav,AK-47/1 (4).wav,AK-47
148,1 (63).wav,AK-47/1 (63).wav,AK-47
149,1 (5).wav,AK-47/1 (5).wav,AK-47
150,1 (64).wav,AK-47/1 (64).wav,AK-47
151,1 (43).wav,AK-47/1 (43).wav,AK-47
152,1 (12).wav,AK-47/1 (12).wav,AK-47
153,1 (72).wav,AK-47/1 (72).wav,AK-47
154,1 (48).wav,AK-47/1 (48).wav,AK-47
155,1 (39).wav,AK-47/1 (39).wav,AK-47
156,1 (41).wav,AK-47/1 (41).wav,AK-47
157,1 (45).wav,AK-47/1 (45).wav,AK-47
158,1 (15).wav,AK-47/1 (15).wav,AK-47
159,1 (21).wav,AK-47/1 (21).wav,AK-47
160,1 (57).wav,AK-47/1 (57).wav,AK-47
161,1 (44).wav,AK-47/1 (44).wav,AK-47
162,1 (9).wav,AK-47/1 (9).wav,AK-47
163,1 (70).wav,AK-47/1 (70).wav,AK-47
164,1 (8).wav,AK-47/1 (8).wav,AK-47
165,1 (36).wav,AK-47/1 (36).wav,AK-47
166,1 (52).wav,AK-47/1 (52).wav,AK-47
167,1 (58).wav,AK-47/1 (58).wav,AK-47
168,1 (55).wav,AK-47/1 (55).wav,AK-47
169,1 (60).wav,AK-47/1 (60).wav,AK-47
170,6 (13).wav,M249/6 (13).wav,M249
171,6 (98).wav,M249/6 (98).wav,M249
172,6 (73).wav,M249/6 (73).wav,M249
173,6 (43).wav,M249/6 (43).wav,M249
174,6 (97).wav,M249/6 (97).wav,M249
175,6 (99).wav,M249/6 (99).wav,M249
176,6 (90).wav,M249/6 (90).wav,M249
177,6 (29).wav,M249/6 (29).wav,M249
178,6 (52).wav,M249/6 (52).wav,M249
179,6 (88).wav,M249/6 (88).wav,M249
180,6 (92).wav,M249/6 (92).wav,M249
181,6 (71).wav,M249/6 (71).wav,M249
182,6 (81).wav,M249/6 (81).wav,M249
183,6 (55).wav,M249/6 (55).wav,M249
184,6 (44).wav,M249/6 (44).wav,M249
185,6 (80).wav,M249/6 (80).wav,M249
186,6 (76).wav,M249/6 (76).wav,M249
187,6 (62).wav,M249/6 (62).wav,M249
188,6 (94).wav,M249/6 (94).wav,M249
189,6 (93).wav,M249/6 (93).wav,M249
190,6 (69).wav,M249/6 (69).wav,M249
191,6 (34).wav,M249/6 (34).wav,M249
192,6 (41).wav,M249/6 (41).wav,M249
193,6 (91).wav,M249/6 (91).wav,M249
194,6 (58).wav,M249/6 (58).wav,M249
195,6 (27).wav,M249/6 (27).wav,M249
196,6 (36).wav,M249/6 (36).wav,M249
197,6 (40).wav,M249/6 (40).wav,M249
198,6 (8).wav,M249/6 (8).wav,M249
199,6 (22).wav,M249/6 (22).wav,M249
200,6 (1).wav,M249/6 (1).wav,M249
201,6 (38).wav,M249/6 (38).wav,M249
202,6 (6).wav,M249/6 (6).wav,M249
203,6 (65).wav,M249/6 (65).wav,M249
204,6 (96).wav,M249/6 (96).wav,M249
205,6 (83).wav,M249/6 (83).wav,M249
206,6 (47).wav,M249/6 (47).wav,M249
207,6 (53).wav,M249/6 (53).wav,M249
208,6 (72).wav,M249/6 (72).wav,M249
209,6 (5).wav,M249/6 (5).wav,M249
210,6 (59).wav,M249/6 (59).wav,M249
211,6 (57).wav,M249/6 (57).wav,M249
212,6 (12).wav,M249/6 (12).wav,M249
213,6 (85).wav,M249/6 (85).wav,M249
214,6 (67).wav,M249/6 (67).wav,M249
215,6 (35).wav,M249/6 (35).wav,M249
216,6 (18).wav,M249/6 (18).wav,M249
217,6 (10).wav,M249/6 (10).wav,M249
218,6 (49).wav,M249/6 (49).wav,M249
219,6 (79).wav,M249/6 (79).wav,M249
220,6 (37).wav,M249/6 (37).wav,M249
221,6 (45).wav,M249/6 (45).wav,M249
222,6 (39).wav,M249/6 (39).wav,M249
223,6 (21).wav,M249/6 (21).wav,M249
224,6 (56).wav,M249/6 (56).wav,M249
225,6 (33).wav,M249/6 (33).wav,M249
226,6 (75).wav,M249/6 (75).wav,M249
227,6 (7).wav,M249/6 (7).wav,M249
228,6 (77).wav,M249/6 (77).wav,M249
229,6 (3).wav,M249/6 (3).wav,M249
230,6 (30).wav,M249/6 (30).wav,M249
231,6 (61).wav,M249/6 (61).wav,M249
232,6 (50).wav,M249/6 (50).wav,M249
233,6 (17).wav,M249/6 (17).wav,M249
234,6 (95).wav,M249/6 (95).wav,M249
235,6 (60).wav,M249/6 (60).wav,M249
236,6 (54).wav,M249/6 (54).wav,M249
237,6 (68).wav,M249/6 (68).wav,M249
238,6 (14).wav,M249/6 (14).wav,M249
239,6 (82).wav,M249/6 (82).wav,M249
240,6 (11).wav,M249/6 (11).wav,M249
241,6 (24).wav,M249/6 (24).wav,M249
242,6 (28).wav,M249/6 (28).wav,M249
243,6 (20).wav,M249/6 (20).wav,M249
244,6 (9).wav,M249/6 (9).wav,M249
245,6 (19).wav,M249/6 (19).wav,M249
246,6 (78).wav,M249/6 (78).wav,M249
247,6 (89).wav,M249/6 (89).wav,M249
248,6 (4).wav,M249/6 (4).wav,M249
249,6 (31).wav,M249/6 (31).wav,M249
250,6 (87).wav,M249/6 (87).wav,M249
251,6 (23).wav,M249/6 (23).wav,M249
252,6 (32).wav,M249/6 (32).wav,M249
253,6 (46).wav,M249/6 (46).wav,M249
254,6 (66).wav,M249/6 (66).wav,M249
255,6 (51).wav,M249/6 (51).wav,M249
256,6 (15).wav,M249/6 (15).wav,M249
257,6 (64).wav,M249/6 (64).wav,M249
258,6 (86).wav,M249/6 (86).wav,M249
259,6 (2).wav,M249/6 (2).wav,M249
260,6 (42).wav,M249/6 (42).wav,M249
261,6 (70).wav,M249/6 (70).wav,M249
262,6 (25).wav,M249/6 (25).wav,M249
263,6 (48).wav,M249/6 (48).wav,M249
264,6 (16).wav,M249/6 (16).wav,M249
265,6 (26).wav,M249/6 (26).wav,M249
266,6 (63).wav,M249/6 (63).wav,M249
267,6 (84).wav,M249/6 (84).wav,M249
268,6 (74).wav,M249/6 (74).wav,M249
269,7 (8).wav,MG-42/7 (8).wav,MG-42
270,7 (64).wav,MG-42/7 (64).wav,MG-42
271,7 (17).wav,MG-42/7 (17).wav,MG-42
272,7 (84).wav,MG-42/7 (84).wav,MG-42
273,7 (20).wav,MG-42/7 (20).wav,MG-42
274,7 (14).wav,MG-42/7 (14).wav,MG-42
275,7 (7).wav,MG-42/7 (7).wav,MG-42
276,7 (82).wav,MG-42/7 (82).wav,MG-42
277,7 (54).wav,MG-42/7 (54).wav,MG-42
278,7 (67).wav,MG-42/7 (67).wav,MG-42
279,7 (39).wav,MG-42/7 (39).wav,MG-42
280,7 (68).wav,MG-42/7 (68).wav,MG-42
281,7 (9).wav,MG-42/7 (9).wav,MG-42
282,7 (91).wav,MG-42/7 (91).wav,MG-42
283,7 (2).wav,MG-42/7 (2).wav,MG-42
284,7 (93).wav,MG-42/7 (93).wav,MG-42
285,7 (3).wav,MG-42/7 (3).wav,MG-42
286,7 (35).wav,MG-42/7 (35).wav,MG-42
287,7 (18).wav,MG-42/7 (18).wav,MG-42
288,7 (43).wav,MG-42/7 (43).wav,MG-42
289,7 (79).wav,MG-42/7 (79).wav,MG-42
290,7 (12).wav,MG-42/7 (12).wav,MG-42
291,7 (76).wav,MG-42/7 (76).wav,MG-42
292,7 (70).wav,MG-42/7 (70).wav,MG-42
293,7 (89).wav,MG-42/7 (89).wav,MG-42
294,7 (10).wav,MG-42/7 (10).wav,MG-42
295,7 (57).wav,MG-42/7 (57).wav,MG-42
296,7 (59).wav,MG-42/7 (59).wav,MG-42
297,7 (30).wav,MG-42/7 (30).wav,MG-42
298,7 (97).wav,MG-42/7 (97).wav,MG-42
299,7 (32).wav,MG-42/7 (32).wav,MG-42
300,7 (58).wav,MG-42/7 (58).wav,MG-42
301,7 (69).wav,MG-42/7 (69).wav,MG-42
302,7 (48).wav,MG-42/7 (48).wav,MG-42
303,7 (37).wav,MG-42/7 (37).wav,MG-42
304,7 (11).wav,MG-42/7 (11).wav,MG-42
305,7 (66).wav,MG-42/7 (66).wav,MG-42
306,7 (60).wav,MG-42/7 (60).wav,MG-42
307,7 (92).wav,MG-42/7 (92).wav,MG-42
308,7 (94).wav,MG-42/7 (94).wav,MG-42
309,7 (80).wav,MG-42/7 (80).wav,MG-42
310,7 (31).wav,MG-42/7 (31).wav,MG-42
311,7 (28).wav,MG-42/7 (28).wav,MG-42
312,7 (63).wav,MG-42/7 (63).wav,MG-42
313,7 (40).wav,MG-42/7 (40).wav,MG-42
314,7 (33).wav,MG-42/7 (33).wav,MG-42
315,7 (29).wav,MG-42/7 (29).wav,MG-42
316,7 (77).wav,MG-42/7 (77).wav,MG-42
317,7 (25).wav,MG-42/7 (25).wav,MG-42
318,7 (13).wav,MG-42/7 (13).wav,MG-42
319,7 (4).wav,MG-42/7 (4).wav,MG-42
320,7 (41).wav,MG-42/7 (41).wav,MG-42
321,7 (56).wav,MG-42/7 (56).wav,MG-42
322,7 (85).wav,MG-42/7 (85).wav,MG-42
323,7 (55).wav,MG-42/7 (55).wav,MG-42
324,7 (36).wav,MG-42/7 (36).wav,MG-42
325,7 (50).wav,MG-42/7 (50).wav,MG-42
326,7 (83).wav,MG-42/7 (83).wav,MG-42
327,7 (16).wav,MG-42/7 (16).wav,MG-42
328,7 (62).wav,MG-42/7 (62).wav,MG-42
329,7 (86).wav,MG-42/7 (86).wav,MG-42
330,7 (72).wav,MG-42/7 (72).wav,MG-42
331,7 (51).wav,MG-42/7 (51).wav,MG-42
332,7 (6).wav,MG-42/7 (6).wav,MG-42
333,7 (49).wav,MG-42/7 (49).wav,MG-42
334,7 (53).wav,MG-42/7 (53).wav,MG-42
335,7 (98).wav,MG-42/7 (98).wav,MG-42
336,7 (87).wav,MG-42/7 (87).wav,MG-42
337,7 (47).wav,MG-42/7 (47).wav,MG-42
338,7 (74).wav,MG-42/7 (74).wav,MG-42
339,7 (15).wav,MG-42/7 (15).wav,MG-42
340,7 (65).wav,MG-42/7 (65).wav,MG-42
341,7 (88).wav,MG-42/7 (88).wav,MG-42
342,7 (46).wav,MG-42/7 (46).wav,MG-42
343,7 (1).wav,MG-42/7 (1).wav,MG-42
344,7 (45).wav,MG-42/7 (45).wav,MG-42
345,7 (75).wav,MG-42/7 (75).wav,MG-42
346,7 (42).wav,MG-42/7 (42).wav,MG-42
347,7 (5).wav,MG-42/7 (5).wav,MG-42
348,7 (44).wav,MG-42/7 (44).wav,MG-42
349,7 (38).wav,MG-42/7 (38).wav,MG-42
350,7 (21).wav,MG-42/7 (21).wav,MG-42
351,7 (26).wav,MG-42/7 (26).wav,MG-42
352,7 (81).wav,MG-42/7 (81).wav,MG-42
353,7 (71).wav,MG-42/7 (71).wav,MG-42
354,7 (73).wav,MG-42/7 (73).wav,MG-42
355,7 (23).wav,MG-42/7 (23).wav,MG-42
356,7 (100).wav,MG-42/7 (100).wav,MG-42
357,7 (19).wav,MG-42/7 (19).wav,MG-42
358,7 (90).wav,MG-42/7 (90).wav,MG-42
359,7 (61).wav,MG-42/7 (61).wav,MG-42
360,7 (27).wav,MG-42/7 (27).wav,MG-42
361,7 (24).wav,MG-42/7 (24).wav,MG-42
362,7 (99).wav,MG-42/7 (99).wav,MG-42
363,7 (95).wav,MG-42/7 (95).wav,MG-42
364,7 (96).wav,MG-42/7 (96).wav,MG-42
365,7 (52).wav,MG-42/7 (52).wav,MG-42
366,7 (34).wav,MG-42/7 (34).wav,MG-42
367,7 (22).wav,MG-42/7 (22).wav,MG-42
368,7 (78).wav,MG-42/7 (78).wav,MG-42
369,2 (73).wav,IMI Desert Eagle/2 (73).wav,IMI Desert Eagle
370,2 (17).wav,IMI Desert Eagle/2 (17).wav,IMI Desert Eagle
371,2 (15).wav,IMI Desert Eagle/2 (15).wav,IMI Desert Eagle
372,2 (2).wav,IMI Desert Eagle/2 (2).wav,IMI Desert Eagle
373,2 (45).wav,IMI Desert Eagle/2 (45).wav,IMI Desert Eagle
374,2 (60).wav,IMI Desert Eagle/2 (60).wav,IMI Desert Eagle
375,2 (50).wav,IMI Desert Eagle/2 (50).wav,IMI Desert Eagle
376,2 (29).wav,IMI Desert Eagle/2 (29).wav,IMI Desert Eagle
377,2 (82).wav,IMI Desert Eagle/2 (82).wav,IMI Desert Eagle
378,2 (67).wav,IMI Desert Eagle/2 (67).wav,IMI Desert Eagle
379,2 (13).wav,IMI Desert Eagle/2 (13).wav,IMI Desert Eagle
380,2 (19).wav,IMI Desert Eagle/2 (19).wav,IMI Desert Eagle
381,2 (62).wav,IMI Desert Eagle/2 (62).wav,IMI Desert Eagle
382,2 (7).wav,IMI Desert Eagle/2 (7).wav,IMI Desert Eagle
383,2 (94).wav,IMI Desert Eagle/2 (94).wav,IMI Desert Eagle
384,2 (24).wav,IMI Desert Eagle/2 (24).wav,IMI Desert Eagle
385,2 (90).wav,IMI Desert Eagle/2 (90).wav,IMI Desert Eagle
386,2 (22).wav,IMI Desert Eagle/2 (22).wav,IMI Desert Eagle
387,2 (10).wav,IMI Desert Eagle/2 (10).wav,IMI Desert Eagle
388,2 (68).wav,IMI Desert Eagle/2 (68).wav,IMI Desert Eagle
389,2 (71).wav,IMI Desert Eagle/2 (71).wav,IMI Desert Eagle
390,2 (97).wav,IMI Desert Eagle/2 (97).wav,IMI Desert Eagle
391,2 (75).wav,IMI Desert Eagle/2 (75).wav,IMI Desert Eagle
392,2 (87).wav,IMI Desert Eagle/2 (87).wav,IMI Desert Eagle
393,2 (100).wav,IMI Desert Eagle/2 (100).wav,IMI Desert Eagle
394,2 (20).wav,IMI Desert Eagle/2 (20).wav,IMI Desert Eagle
395,2 (64).wav,IMI Desert Eagle/2 (64).wav,IMI Desert Eagle
396,2 (37).wav,IMI Desert Eagle/2 (37).wav,IMI Desert Eagle
397,2 (85).wav,IMI Desert Eagle/2 (85).wav,IMI Desert Eagle
398,2 (89).wav,IMI Desert Eagle/2 (89).wav,IMI Desert Eagle
399,2 (23).wav,IMI Desert Eagle/2 (23).wav,IMI Desert Eagle
400,2 (16).wav,IMI Desert Eagle/2 (16).wav,IMI Desert Eagle
401,2 (65).wav,IMI Desert Eagle/2 (65).wav,IMI Desert Eagle
402,2 (39).wav,IMI Desert Eagle/2 (39).wav,IMI Desert Eagle
403,2 (86).wav,IMI Desert Eagle/2 (86).wav,IMI Desert Eagle
404,2 (32).wav,IMI Desert Eagle/2 (32).wav,IMI Desert Eagle
405,2 (70).wav,IMI Desert Eagle/2 (70).wav,IMI Desert Eagle
406,2 (93).wav,IMI Desert Eagle/2 (93).wav,IMI Desert Eagle
407,2 (63).wav,IMI Desert Eagle/2 (63).wav,IMI Desert Eagle
408,2 (83).wav,IMI Desert Eagle/2 (83).wav,IMI Desert Eagle
409,2 (53).wav,IMI Desert Eagle/2 (53).wav,IMI Desert Eagle
410,2 (31).wav,IMI Desert Eagle/2 (31).wav,IMI Desert Eagle
411,2 (3).wav,IMI Desert Eagle/2 (3).wav,IMI Desert Eagle
412,2 (51).wav,IMI Desert Eagle/2 (51).wav,IMI Desert Eagle
413,2 (98).wav,IMI Desert Eagle/2 (98).wav,IMI Desert Eagle
414,2 (95).wav,IMI Desert Eagle/2 (95).wav,IMI Desert Eagle
415,2 (33).wav,IMI Desert Eagle/2 (33).wav,IMI Desert Eagle
416,2 (28).wav,IMI Desert Eagle/2 (28).wav,IMI Desert Eagle
417,2 (79).wav,IMI Desert Eagle/2 (79).wav,IMI Desert Eagle
418,2 (92).wav,IMI Desert Eagle/2 (92).wav,IMI Desert Eagle
419,2 (6).wav,IMI Desert Eagle/2 (6).wav,IMI Desert Eagle
420,2 (61).wav,IMI Desert Eagle/2 (61).wav,IMI Desert Eagle
421,2 (80).wav,IMI Desert Eagle/2 (80).wav,IMI Desert Eagle
422,2 (26).wav,IMI Desert Eagle/2 (26).wav,IMI Desert Eagle
423,2 (96).wav,IMI Desert Eagle/2 (96).wav,IMI Desert Eagle
424,2 (78).wav,IMI Desert Eagle/2 (78).wav,IMI Desert Eagle
425,2 (69).wav,IMI Desert Eagle/2 (69).wav,IMI Desert Eagle
426,2 (54).wav,IMI Desert Eagle/2 (54).wav,IMI Desert Eagle
427,2 (4).wav,IMI Desert Eagle/2 (4).wav,IMI Desert Eagle
428,2 (88).wav,IMI Desert Eagle/2 (88).wav,IMI Desert Eagle
429,2 (34).wav,IMI Desert Eagle/2 (34).wav,IMI Desert Eagle
430,2 (27).wav,IMI Desert Eagle/2 (27).wav,IMI Desert Eagle
431,2 (72).wav,IMI Desert Eagle/2 (72).wav,IMI Desert Eagle
432,2 (46).wav,IMI Desert Eagle/2 (46).wav,IMI Desert Eagle
433,2 (76).wav,IMI Desert Eagle/2 (76).wav,IMI Desert Eagle
434,2 (40).wav,IMI Desert Eagle/2 (40).wav,IMI Desert Eagle
435,2 (77).wav,IMI Desert Eagle/2 (77).wav,IMI Desert Eagle
436,2 (35).wav,IMI Desert Eagle/2 (35).wav,IMI Desert Eagle
437,2 (57).wav,IMI Desert Eagle/2 (57).wav,IMI Desert Eagle
438,2 (11).wav,IMI Desert Eagle/2 (11).wav,IMI Desert Eagle
439,2 (5).wav,IMI Desert Eagle/2 (5).wav,IMI Desert Eagle
440,2 (36).wav,IMI Desert Eagle/2 (36).wav,IMI Desert Eagle
441,2 (21).wav,IMI Desert Eagle/2 (21).wav,IMI Desert Eagle
442,2 (49).wav,IMI Desert Eagle/2 (49).wav,IMI Desert Eagle
443,2 (8).wav,IMI Desert Eagle/2 (8).wav,IMI Desert Eagle
444,2 (66).wav,IMI Desert Eagle/2 (66).wav,IMI Desert Eagle
445,2 (47).wav,IMI Desert Eagle/2 (47).wav,IMI Desert Eagle
446,2 (1).wav,IMI Desert Eagle/2 (1).wav,IMI Desert Eagle
447,2 (44).wav,IMI Desert Eagle/2 (44).wav,IMI Desert Eagle
448,2 (42).wav,IMI Desert Eagle/2 (42).wav,IMI Desert Eagle
449,2 (12).wav,IMI Desert Eagle/2 (12).wav,IMI Desert Eagle
450,2 (14).wav,IMI Desert Eagle/2 (14).wav,IMI Desert Eagle
451,2 (91).wav,IMI Desert Eagle/2 (91).wav,IMI Desert Eagle
452,2 (25).wav,IMI Desert Eagle/2 (25).wav,IMI Desert Eagle
453,2 (56).wav,IMI Desert Eagle/2 (56).wav,IMI Desert Eagle
454,2 (52).wav,IMI Desert Eagle/2 (52).wav,IMI Desert Eagle
455,2 (41).wav,IMI Desert Eagle/2 (41).wav,IMI Desert Eagle
456,2 (55).wav,IMI Desert Eagle/2 (55).wav,IMI Desert Eagle
457,2 (38).wav,IMI Desert Eagle/2 (38).wav,IMI Desert Eagle
458,2 (9).wav,IMI Desert Eagle/2 (9).wav,IMI Desert Eagle
459,2 (84).wav,IMI Desert Eagle/2 (84).wav,IMI Desert Eagle
460,2 (59).wav,IMI Desert Eagle/2 (59).wav,IMI Desert Eagle
461,2 (74).wav,IMI Desert Eagle/2 (74).wav,IMI Desert Eagle
462,2 (18).wav,IMI Desert Eagle/2 (18).wav,IMI Desert Eagle
463,2 (99).wav,IMI Desert Eagle/2 (99).wav,IMI Desert Eagle
464,2 (81).wav,IMI Desert Eagle/2 (81).wav,IMI Desert Eagle
465,2 (43).wav,IMI Desert Eagle/2 (43).wav,IMI Desert Eagle
466,2 (58).wav,IMI Desert Eagle/2 (58).wav,IMI Desert Eagle
467,2 (48).wav,IMI Desert Eagle/2 (48).wav,IMI Desert Eagle
468,2 (30).wav,IMI Desert Eagle/2 (30).wav,IMI Desert Eagle
469,5 (44).wav,M16/5 (44).wav,M16
470,5 (19).wav,M16/5 (19).wav,M16
471,5 (33).wav,M16/5 (33).wav,M16
472,5 (67).wav,M16/5 (67).wav,M16
473,5 (52).wav,M16/5 (52).wav,M16
474,5 (77).wav,M16/5 (77).wav,M16
475,5 (40).wav,M16/5 (40).wav,M16
476,5 (25).wav,M16/5 (25).wav,M16
477,5 (79).wav,M16/5 (79).wav,M16
478,5 (51).wav,M16/5 (51).wav,M16
479,5 (71).wav,M16/5 (71).wav,M16
480,5 (97).wav,M16/5 (97).wav,M16
481,5 (56).wav,M16/5 (56).wav,M16
482,5 (2).wav,M16/5 (2).wav,M16
483,5 (21).wav,M16/5 (21).wav,M16
484,5 (91).wav,M16/5 (91).wav,M16
485,5 (23).wav,M16/5 (23).wav,M16
486,5 (7).wav,M16/5 (7).wav,M16
487,5 (18).wav,M16/5 (18).wav,M16
488,5 (93).wav,M16/5 (93).wav,M16
489,5 (89).wav,M16/5 (89).wav,M16
490,5 (99).wav,M16/5 (99).wav,M16
491,5 (59).wav,M16/5 (59).wav,M16
492,5 (84).wav,M16/5 (84).wav,M16
493,5 (60).wav,M16/5 (60).wav,M16
494,5 (43).wav,M16/5 (43).wav,M16
495,5 (42).wav,M16/5 (42).wav,M16
496,5 (92).wav,M16/5 (92).wav,M16
497,5 (78).wav,M16/5 (78).wav,M16
498,5 (6).wav,M16/5 (6).wav,M16
499,5 (96).wav,M16/5 (96).wav,M16
500,5 (16).wav,M16/5 (16).wav,M16
501,5 (85).wav,M16/5 (85).wav,M16
502,5 (4).wav,M16/5 (4).wav,M16
503,5 (81).wav,M16/5 (81).wav,M16
504,5 (22).wav,M16/5 (22).wav,M16
505,5 (24).wav,M16/5 (24).wav,M16
506,5 (45).wav,M16/5 (45).wav,M16
507,5 (13).wav,M16/5 (13).wav,M16
508,5 (76).wav,M16/5 (76).wav,M16
509,5 (80).wav,M16/5 (80).wav,M16
510,5 (20).wav,M16/5 (20).wav,M16
511,5 (72).wav,M16/5 (72).wav,M16
512,5 (82).wav,M16/5 (82).wav,M16
513,5 (3).wav,M16/5 (3).wav,M16
514,5 (14).wav,M16/5 (14).wav,M16
515,5 (70).wav,M16/5 (70).wav,M16
516,5 (63).wav,M16/5 (63).wav,M16
517,5 (34).wav,M16/5 (34).wav,M16
518,5 (73).wav,M16/5 (73).wav,M16
519,5 (15).wav,M16/5 (15).wav,M16
520,5 (100).wav,M16/5 (100).wav,M16
521,5 (95).wav,M16/5 (95).wav,M16
522,5 (5).wav,M16/5 (5).wav,M16
523,5 (86).wav,M16/5 (86).wav,M16
524,5 (46).wav,M16/5 (46).wav,M16
525,5 (12).wav,M16/5 (12).wav,M16
526,5 (17).wav,M16/5 (17).wav,M16
527,5 (29).wav,M16/5 (29).wav,M16
528,5 (49).wav,M16/5 (49).wav,M16
529,5 (66).wav,M16/5 (66).wav,M16
530,5 (94).wav,M16/5 (94).wav,M16
531,5 (26).wav,M16/5 (26).wav,M16
532,5 (41).wav,M16/5 (41).wav,M16
533,5 (11).wav,M16/5 (11).wav,M16
534,5 (35).wav,M16/5 (35).wav,M16
535,5 (58).wav,M16/5 (58).wav,M16
536,5 (88).wav,M16/5 (88).wav,M16
537,5 (57).wav,M16/5 (57).wav,M16
538,5 (61).wav,M16/5 (61).wav,M16
539,5 (75).wav,M16/5 (75).wav,M16
540,5 (50).wav,M16/5 (50).wav,M16
541,5 (83).wav,M16/5 (83).wav,M16
542,5 (65).wav,M16/5 (65).wav,M16
543,5 (53).wav,M16/5 (53).wav,M16
544,5 (55).wav,M16/5 (55).wav,M16
545,5 (69).wav,M16/5 (69).wav,M16
546,5 (64).wav,M16/5 (64).wav,M16
547,5 (38).wav,M16/5 (38).wav,M16
548,5 (98).wav,M16/5 (98).wav,M16
549,5 (28).wav,M16/5 (28).wav,M16
550,5 (39).wav,M16/5 (39).wav,M16
551,5 (47).wav,M16/5 (47).wav,M16
552,5 (74).wav,M16/5 (74).wav,M16
553,5 (68).wav,M16/5 (68).wav,M16
554,5 (27).wav,M16/5 (27).wav,M16
555,5 (48).wav,M16/5 (48).wav,M16
556,5 (9).wav,M16/5 (9).wav,M16
557,5 (1).wav,M16/5 (1).wav,M16
558,5 (37).wav,M16/5 (37).wav,M16
559,5 (54).wav,M16/5 (54).wav,M16
560,5 (31).wav,M16/5 (31).wav,M16
561,5 (8).wav,M16/5 (8).wav,M16
562,5 (10).wav,M16/5 (10).wav,M16
563,5 (62).wav,M16/5 (62).wav,M16
564,5 (90).wav,M16/5 (90).wav,M16
565,5 (87).wav,M16/5 (87).wav,M16
566,5 (36).wav,M16/5 (36).wav,M16
567,5 (30).wav,M16/5 (30).wav,M16
568,5 (32).wav,M16/5 (32).wav,M16
569,8 (44).wav,MP5/8 (44).wav,MP5
570,8 (37).wav,MP5/8 (37).wav,MP5
571,8 (94).wav,MP5/8 (94).wav,MP5
572,8 (24).wav,MP5/8 (24).wav,MP5
573,8 (58).wav,MP5/8 (58).wav,MP5
574,8 (25).wav,MP5/8 (25).wav,MP5
575,8 (11).wav,MP5/8 (11).wav,MP5
576,8 (42).wav,MP5/8 (42).wav,MP5
577,8 (31).wav,MP5/8 (31).wav,MP5
578,8 (10).wav,MP5/8 (10).wav,MP5
579,8 (87).wav,MP5/8 (87).wav,MP5
580,8 (20).wav,MP5/8 (20).wav,MP5
581,8 (62).wav,MP5/8 (62).wav,MP5
582,8 (66).wav,MP5/8 (66).wav,MP5
583,8 (61).wav,MP5/8 (61).wav,MP5
584,8 (70).wav,MP5/8 (70).wav,MP5
585,8 (33).wav,MP5/8 (33).wav,MP5
586,8 (89).wav,MP5/8 (89).wav,MP5
587,8 (67).wav,MP5/8 (67).wav,MP5
588,8 (78).wav,MP5/8 (78).wav,MP5
589,8 (38).wav,MP5/8 (38).wav,MP5
590,8 (93).wav,MP5/8 (93).wav,MP5
591,8 (97).wav,MP5/8 (97).wav,MP5
592,8 (81).wav,MP5/8 (81).wav,MP5
593,8 (29).wav,MP5/8 (29).wav,MP5
594,8 (13).wav,MP5/8 (13).wav,MP5
595,8 (99).wav,MP5/8 (99).wav,MP5
596,8 (26).wav,MP5/8 (26).wav,MP5
597,8 (83).wav,MP5/8 (83).wav,MP5
598,8 (45).wav,MP5/8 (45).wav,MP5
599,8 (6).wav,MP5/8 (6).wav,MP5
600,8 (56).wav,MP5/8 (56).wav,MP5
601,8 (2).wav,MP5/8 (2).wav,MP5
602,8 (7).wav,MP5/8 (7).wav,MP5
603,8 (69).wav,MP5/8 (69).wav,MP5
604,8 (77).wav,MP5/8 (77).wav,MP5
605,8 (4).wav,MP5/8 (4).wav,MP5
606,8 (76).wav,MP5/8 (76).wav,MP5
607,8 (91).wav,MP5/8 (91).wav,MP5
608,8 (15).wav,MP5/8 (15).wav,MP5
609,8 (100).wav,MP5/8 (100).wav,MP5
610,8 (30).wav,MP5/8 (30).wav,MP5
611,8 (32).wav,MP5/8 (32).wav,MP5
612,8 (40).wav,MP5/8 (40).wav,MP5
613,8 (3).wav,MP5/8 (3).wav,MP5
614,8 (43).wav,MP5/8 (43).wav,MP5
615,8 (28).wav,MP5/8 (28).wav,MP5
616,8 (59).wav,MP5/8 (59).wav,MP5
617,8 (54).wav,MP5/8 (54).wav,MP5
618,8 (75).wav,MP5/8 (75).wav,MP5
619,8 (65).wav,MP5/8 (65).wav,MP5
620,8 (16).wav,MP5/8 (16).wav,MP5
621,8 (73).wav,MP5/8 (73).wav,MP5
622,8 (21).wav,MP5/8 (21).wav,MP5
623,8 (49).wav,MP5/8 (49).wav,MP5
624,8 (55).wav,MP5/8 (55).wav,MP5
625,8 (82).wav,MP5/8 (82).wav,MP5
626,8 (12).wav,MP5/8 (12).wav,MP5
627,8 (96).wav,MP5/8 (96).wav,MP5
628,8 (85).wav,MP5/8 (85).wav,MP5
629,8 (35).wav,MP5/8 (35).wav,MP5
630,8 (48).wav,MP5/8 (48).wav,MP5
631,8 (39).wav,MP5/8 (39).wav,MP5
632,8 (57).wav,MP5/8 (57).wav,MP5
633,8 (1).wav,MP5/8 (1).wav,MP5
634,8 (5).wav,MP5/8 (5).wav,MP5
635,8 (22).wav,MP5/8 (22).wav,MP5
636,8 (71).wav,MP5/8 (71).wav,MP5
637,8 (74).wav,MP5/8 (74).wav,MP5
638,8 (72).wav,MP5/8 (72).wav,MP5
639,8 (95).wav,MP5/8 (95).wav,MP5
640,8 (19).wav,MP5/8 (19).wav,MP5
641,8 (41).wav,MP5/8 (41).wav,MP5
642,8 (79).wav,MP5/8 (79).wav,MP5
643,8 (80).wav,MP5/8 (80).wav,MP5
644,8 (98).wav,MP5/8 (98).wav,MP5
645,8 (34).wav,MP5/8 (34).wav,MP5
646,8 (14).wav,MP5/8 (14).wav,MP5
647,8 (9).wav,MP5/8 (9).wav,MP5
648,8 (60).wav,MP5/8 (60).wav,MP5
649,8 (63).wav,MP5/8 (63).wav,MP5
650,8 (68).wav,MP5/8 (68).wav,MP5
651,8 (50).wav,MP5/8 (50).wav,MP5
652,8 (84).wav,MP5/8 (84).wav,MP5
653,8 (27).wav,MP5/8 (27).wav,MP5
654,8 (88).wav,MP5/8 (88).wav,MP5
655,8 (64).wav,MP5/8 (64).wav,MP5
656,8 (52).wav,MP5/8 (52).wav,MP5
657,8 (36).wav,MP5/8 (36).wav,MP5
658,8 (46).wav,MP5/8 (46).wav,MP5
659,8 (47).wav,MP5/8 (47).wav,MP5
660,8 (23).wav,MP5/8 (23).wav,MP5
661,8 (17).wav,MP5/8 (17).wav,MP5
662,8 (53).wav,MP5/8 (53).wav,MP5
663,8 (51).wav,MP5/8 (51).wav,MP5
664,8 (92).wav,MP5/8 (92).wav,MP5
665,8 (18).wav,MP5/8 (18).wav,MP5
666,8 (90).wav,MP5/8 (90).wav,MP5
667,8 (86).wav,MP5/8 (86).wav,MP5
668,8 (8).wav,MP5/8 (8).wav,MP5
669,4 (74).wav,M4/4 (74).wav,M4
670,4 (18).wav,M4/4 (18).wav,M4
671,4 (86).wav,M4/4 (86).wav,M4
672,4 (57).wav,M4/4 (57).wav,M4
673,4 (63).wav,M4/4 (63).wav,M4
674,4 (44).wav,M4/4 (44).wav,M4
675,4 (84).wav,M4/4 (84).wav,M4
676,4 (6).wav,M4/4 (6).wav,M4
677,4 (95).wav,M4/4 (95).wav,M4
678,4 (1).wav,M4/4 (1).wav,M4
679,4 (7).wav,M4/4 (7).wav,M4
680,4 (11).wav,M4/4 (11).wav,M4
681,4 (15).wav,M4/4 (15).wav,M4
682,4 (50).wav,M4/4 (50).wav,M4
683,4 (8).wav,M4/4 (8).wav,M4
684,4 (87).wav,M4/4 (87).wav,M4
685,4 (40).wav,M4/4 (40).wav,M4
686,4 (17).wav,M4/4 (17).wav,M4
687,4 (41).wav,M4/4 (41).wav,M4
688,4 (39).wav,M4/4 (39).wav,M4
689,4 (73).wav,M4/4 (73).wav,M4
690,4 (29).wav,M4/4 (29).wav,M4
691,4 (25).wav,M4/4 (25).wav,M4
692,4 (59).wav,M4/4 (59).wav,M4
693,4 (10).wav,M4/4 (10).wav,M4
694,4 (69).wav,M4/4 (69).wav,M4
695,4 (96).wav,M4/4 (96).wav,M4
696,4 (93).wav,M4/4 (93).wav,M4
697,4 (22).wav,M4/4 (22).wav,M4
698,4 (90).wav,M4/4 (90).wav,M4
699,4 (62).wav,M4/4 (62).wav,M4
700,4 (75).wav,M4/4 (75).wav,M4
701,4 (12).wav,M4/4 (12).wav,M4
702,4 (51).wav,M4/4 (51).wav,M4
703,4 (35).wav,M4/4 (35).wav,M4
704,4 (30).wav,M4/4 (30).wav,M4
705,4 (70).wav,M4/4 (70).wav,M4
706,4 (9).wav,M4/4 (9).wav,M4
707,4 (20).wav,M4/4 (20).wav,M4
708,4 (31).wav,M4/4 (31).wav,M4
709,4 (55).wav,M4/4 (55).wav,M4
710,4 (45).wav,M4/4 (45).wav,M4
711,4 (34).wav,M4/4 (34).wav,M4
712,4 (46).wav,M4/4 (46).wav,M4
713,4 (26).wav,M4/4 (26).wav,M4
714,4 (53).wav,M4/4 (53).wav,M4
715,4 (91).wav,M4/4 (91).wav,M4
716,4 (37).wav,M4/4 (37).wav,M4
717,4 (92).wav,M4/4 (92).wav,M4
718,4 (48).wav,M4/4 (48).wav,M4
719,4 (89).wav,M4/4 (89).wav,M4
720,4 (47).wav,M4/4 (47).wav,M4
721,4 (65).wav,M4/4 (65).wav,M4
722,4 (49).wav,M4/4 (49).wav,M4
723,4 (82).wav,M4/4 (82).wav,M4
724,4 (88).wav,M4/4 (88).wav,M4
725,4 (78).wav,M4/4 (78).wav,M4
726,4 (67).wav,M4/4 (67).wav,M4
727,4 (13).wav,M4/4 (13).wav,M4
728,4 (66).wav,M4/4 (66).wav,M4
729,4 (27).wav,M4/4 (27).wav,M4
730,4 (56).wav,M4/4 (56).wav,M4
731,4 (2).wav,M4/4 (2).wav,M4
732,4 (4).wav,M4/4 (4).wav,M4
733,4 (76).wav,M4/4 (76).wav,M4
734,4 (83).wav,M4/4 (83).wav,M4
735,4 (28).wav,M4/4 (28).wav,M4
736,4 (79).wav,M4/4 (79).wav,M4
737,4 (58).wav,M4/4 (58).wav,M4
738,4 (99).wav,M4/4 (99).wav,M4
739,4 (54).wav,M4/4 (54).wav,M4
740,4 (23).wav,M4/4 (23).wav,M4
741,4 (16).wav,M4/4 (16).wav,M4
742,4 (5).wav,M4/4 (5).wav,M4
743,4 (77).wav,M4/4 (77).wav,M4
744,4 (72).wav,M4/4 (72).wav,M4
745,4 (85).wav,M4/4 (85).wav,M4
746,4 (80).wav,M4/4 (80).wav,M4
747,4 (3).wav,M4/4 (3).wav,M4
748,4 (100).wav,M4/4 (100).wav,M4
749,4 (21).wav,M4/4 (21).wav,M4
750,4 (94).wav,M4/4 (94).wav,M4
751,4 (81).wav,M4/4 (81).wav,M4
752,4 (33).wav,M4/4 (33).wav,M4
753,4 (98).wav,M4/4 (98).wav,M4
754,4 (71).wav,M4/4 (71).wav,M4
755,4 (52).wav,M4/4 (52).wav,M4
756,4 (61).wav,M4/4 (61).wav,M4
757,4 (19).wav,M4/4 (19).wav,M4
758,4 (14).wav,M4/4 (14).wav,M4
759,4 (97).wav,M4/4 (97).wav,M4
760,4 (24).wav,M4/4 (24).wav,M4
761,4 (64).wav,M4/4 (64).wav,M4
762,4 (42).wav,M4/4 (42).wav,M4
763,4 (60).wav,M4/4 (60).wav,M4
764,4 (36).wav,M4/4 (36).wav,M4
765,4 (38).wav,M4/4 (38).wav,M4
766,4 (43).wav,M4/4 (43).wav,M4
767,4 (68).wav,M4/4 (68).wav,M4
768,4 (32).wav,M4/4 (32).wav,M4
769,9 (73).wav,Zastava M92/9 (73).wav,Zastava M92
770,9 (22).wav,Zastava M92/9 (22).wav,Zastava M92
771,9 (43).wav,Zastava M92/9 (43).wav,Zastava M92
772,9 (2).wav,Zastava M92/9 (2).wav,Zastava M92
773,9 (72).wav,Zastava M92/9 (72).wav,Zastava M92
774,9 (19).wav,Zastava M92/9 (19).wav,Zastava M92
775,9 (1).wav,Zastava M92/9 (1).wav,Zastava M92
776,9 (16).wav,Zastava M92/9 (16).wav,Zastava M92
777,9 (74).wav,Zastava M92/9 (74).wav,Zastava M92
778,9 (9).wav,Zastava M92/9 (9).wav,Zastava M92
779,9 (23).wav,Zastava M92/9 (23).wav,Zastava M92
780,9 (36).wav,Zastava M92/9 (36).wav,Zastava M92
781,9 (77).wav,Zastava M92/9 (77).wav,Zastava M92
782,9 (75).wav,Zastava M92/9 (75).wav,Zastava M92
783,9 (76).wav,Zastava M92/9 (76).wav,Zastava M92
784,9 (62).wav,Zastava M92/9 (62).wav,Zastava M92
785,9 (20).wav,Zastava M92/9 (20).wav,Zastava M92
786,9 (58).wav,Zastava M92/9 (58).wav,Zastava M92
787,9 (17).wav,Zastava M92/9 (17).wav,Zastava M92
788,9 (52).wav,Zastava M92/9 (52).wav,Zastava M92
789,9 (81).wav,Zastava M92/9 (81).wav,Zastava M92
790,9 (42).wav,Zastava M92/9 (42).wav,Zastava M92
791,9 (54).wav,Zastava M92/9 (54).wav,Zastava M92
792,9 (31).wav,Zastava M92/9 (31).wav,Zastava M92
793,9 (4).wav,Zastava M92/9 (4).wav,Zastava M92
794,9 (35).wav,Zastava M92/9 (35).wav,Zastava M92
795,9 (5).wav,Zastava M92/9 (5).wav,Zastava M92
796,9 (30).wav,Zastava M92/9 (30).wav,Zastava M92
797,9 (65).wav,Zastava M92/9 (65).wav,Zastava M92
798,9 (45).wav,Zastava M92/9 (45).wav,Zastava M92
799,9 (63).wav,Zastava M92/9 (63).wav,Zastava M92
800,9 (56).wav,Zastava M92/9 (56).wav,Zastava M92
801,9 (8).wav,Zastava M92/9 (8).wav,Zastava M92
802,9 (33).wav,Zastava M92/9 (33).wav,Zastava M92
803,9 (11).wav,Zastava M92/9 (11).wav,Zastava M92
804,9 (47).wav,Zastava M92/9 (47).wav,Zastava M92
805,9 (71).wav,Zastava M92/9 (71).wav,Zastava M92
806,9 (49).wav,Zastava M92/9 (49).wav,Zastava M92
807,9 (39).wav,Zastava M92/9 (39).wav,Zastava M92
808,9 (13).wav,Zastava M92/9 (13).wav,Zastava M92
809,9 (67).wav,Zastava M92/9 (67).wav,Zastava M92
810,9 (51).wav,Zastava M92/9 (51).wav,Zastava M92
811,9 (53).wav,Zastava M92/9 (53).wav,Zastava M92
812,9 (44).wav,Zastava M92/9 (44).wav,Zastava M92
813,9 (41).wav,Zastava M92/9 (41).wav,Zastava M92
814,9 (12).wav,Zastava M92/9 (12).wav,Zastava M92
815,9 (64).wav,Zastava M92/9 (64).wav,Zastava M92
816,9 (70).wav,Zastava M92/9 (70).wav,Zastava M92
817,9 (28).wav,Zastava M92/9 (28).wav,Zastava M92
818,9 (40).wav,Zastava M92/9 (40).wav,Zastava M92
819,9 (68).wav,Zastava M92/9 (68).wav,Zastava M92
820,9 (18).wav,Zastava M92/9 (18).wav,Zastava M92
821,9 (59).wav,Zastava M92/9 (59).wav,Zastava M92
822,9 (10).wav,Zastava M92/9 (10).wav,Zastava M92
823,9 (79).wav,Zastava M92/9 (79).wav,Zastava M92
824,9 (78).wav,Zastava M92/9 (78).wav,Zastava M92
825,9 (82).wav,Zastava M92/9 (82).wav,Zastava M92
826,9 (66).wav,Zastava M92/9 (66).wav,Zastava M92
827,9 (69).wav,Zastava M92/9 (69).wav,Zastava M92
828,9 (38).wav,Zastava M92/9 (38).wav,Zastava M92
829,9 (57).wav,Zastava M92/9 (57).wav,Zastava M92
830,9 (32).wav,Zastava M92/9 (32).wav,Zastava M92
831,9 (15).wav,Zastava M92/9 (15).wav,Zastava M92
832,9 (24).wav,Zastava M92/9 (24).wav,Zastava M92
833,9 (14).wav,Zastava M92/9 (14).wav,Zastava M92
834,9 (48).wav,Zastava M92/9 (48).wav,Zastava M92
835,9 (29).wav,Zastava M92/9 (29).wav,Zastava M92
836,9 (21).wav,Zastava M92/9 (21).wav,Zastava M92
837,9 (46).wav,Zastava M92/9 (46).wav,Zastava M92
838,9 (3).wav,Zastava M92/9 (3).wav,Zastava M92
839,9 (37).wav,Zastava M92/9 (37).wav,Zastava M92
840,9 (61).wav,Zastava M92/9 (61).wav,Zastava M92
841,9 (50).wav,Zastava M92/9 (50).wav,Zastava M92
842,9 (6).wav,Zastava M92/9 (6).wav,Zastava M92
843,9 (25).wav,Zastava M92/9 (25).wav,Zastava M92
844,9 (26).wav,Zastava M92/9 (26).wav,Zastava M92
845,9 (7).wav,Zastava M92/9 (7).wav,Zastava M92
846,9 (34).wav,Zastava M92/9 (34).wav,Zastava M92
847,9 (55).wav,Zastava M92/9 (55).wav,Zastava M92
848,9 (27).wav,Zastava M92/9 (27).wav,Zastava M92
849,9 (60).wav,Zastava M92/9 (60).wav,Zastava M92
850,9 (80).wav,Zastava M92/9 (80).wav,Zastava M92
